Name,Number,Type,Street,Quarter,Plan_number
1789,144,Restaurant,Avenue Olympique,L'Illaz,4
4 Property,207,Agence Immobilière,Rue du Coin,Le Coin,7
4 Seasons,447,Restaurant,Rue de la Poste,Vieux Village,8
5 Frères Les,445,Hôtel,Montée du Bellevue,Vieux Village,8
Gème étoile,280,Commerce,Avenue Olympique,Le Thovex,7
AB Skishop,275,Commerce,Avenue Olympique,Les Lèches,7
Abade Al',400,Chalet,Rue de la Legettaz,La Legettaz,11
Abate L',139,Chalet,Accès par Avenue Olympique,L'Illaz,4
ABC Taxis,127,Taxis,Avenue Olympique,L'Illaz,4
Acajuma,656,Chalet,Chemin du Petit Alaska,Le Petit Alaska,5
Adonis L',82,Résidence,Route de la Balme,Le Bosset,4
Adroit L',508,Ferme,Rue des Barmettes,L'Adroit,12
Agathe,227,Chalet,Montée de Bellevarde,Vers les Eaux,6
Agra,52,Chalet,Chemin de la Ruaz,Le Crêt,3
Aigle Blanc L',72,Résidence,Avenue Olympique,Le Clos,3
Aigle des Neige L',450,Hôtel,Rue de la Poste,Vieux Village,8
Aiglon L',190,Résidence,Route de la Balme,La Balme,6
Aire de Jeux pour Enfants,261,Aménagement,Rue Noel Machet,Les Lèches,7
Airelles Les,207,Résidence,Rue du Coin,Le Coin,7
Airelles Les,259,Chalet,Rue des Lèches,Les Lèches,7
Albaron L',192,Résidence,Route de la Balme,La Balme,6
Alexandra L',447,Bar/Restauration,Rue de la Poste,Vieux Village,8
Alice,187,Chalet,Route de la Balme,La Balme,6
Aliet,341,Résidence,Accès par Rue des Leissières,Le Rogoney,8
Alix,358,Chalet,Rue du Joseray,Le Joseray,10
Allianz,63,Bâtiment,Chemin du Cacholet,Le Crêt,3
Alpes (Chalet des),315,Chalet,Avenue Prariond,L'Illetaz,8
Alpes (Chalet les),233,Chalet,Montée de Bellevarde,Vers les Eaux,6
Alpha,386,Chalet,Accès par Rue du Joseray,Châtelard,11
Alpina Lodge L',279,Résidence,Avenue Olympique,Le Thovex,7
Alpine Experience,442,Ecole de Ski,Avenue du Prariond,Vieux Village,8
Altitude,352,Hôtel,Rue de la Face,Chantel,9
Alysson,399,Chalet,Rue de la Legettaz,La Legettaz,11
Amanda,514,Chalet,Route du Laisinant,Le Laisinant,13
Amanlex,505,Chalet,Rue des Barmettes,L'Adroit,12
Amante,460,Chalet,Rue Nicolas Bazile,Vieux Village,8
Ambre,653,Chalet,Avenue du Prariond,Le Rogoney,8
Amigo,47,Chalet,Chemin de la Ruaz,Le Crêt,3
Amont Aval,448,Agence Immobilière,Rue de la Galise,Vieux Village,8
Amourette,106,Chalet,Accès par Route de la Balme,Le Petit Alaska,5
Ancolie L',349,Résidence,Rue des Leissières,Le Rogoney,8
Andes Les,282,Résidence,Avenue Olympique,Le Thovex,7
André,28,Chalet,Rue de la Daille,La Daille,2
Anémones,401,Chalet,Rue de la Legettaz,La Legettaz,11
Anémones Les,121,Chalet,Avenue Olympique,Le Cacholet,3
Aponi,568,Organisation d'événements,Chemin de la Bayettaz,Le Fornet,15
Appache,380,Chalet,Accès par Rue du Joseray,Châtelard,11
Appaloosa,92,Chalet,Chemin du Petit Alaska,Le Petit Alaska,5
Aquaneva,348,Chalet,Rue des Célibataires,Le Rogoney,8
Aquila,435,Chalet,Rue du Cachay,Rond-Point des Pistes,9
Arabelle,397,Chalet,Rue de la Legettaz,La Legettaz,11
Arbine,37,Chalet,D902,La Daille,2
Arbre de Vie l',145,Restaurant,Avenue Olympique,L'Illaz,4
Archeboc,517,Chalet,Route du Laisinant,Le Laisinant,13
Arcoces Les,511,Résidence,Route du Laisinant,Le Laisinant,13
Arctic,306,Café Restauration,Place des Dolomites,Val Village,8
Arctic Café,146,Café/Restauration,Avenue Olympique,L'Illaz,4
Arolles Les,336,Résidence,Rue des Leissières,Le Front de Neige,8
Arolles Les,548,Chalet,Rue du Fornet,Le Fornet,15
Arosa,64,Chalet,Chemin du Cacholet,Le Crêt,3
Arpin,272,Commerce,Avenue Olympique,Les Lèches,7
Arrolay L',528,Restaurant,Rue du Fornet,Le Fornet,15
Arsellaz L',322,Chalet,Rue de l'Eglise,Le Front de Neige,8
Aspen Lodge,272,Hôtel,Avenue Olympique,Les Lèches,7
Atelier d'Edmond L',561,Restaurant,Route du Fornet,Le Fornet,15
Athénaïse,38,Chalet,D902,La Daille,2
Auberge Saint Hubert,271,Hôtel/Restaurant/Bar,Avenue Olympique,Les Lèches,7
Auberine,161,Chalet,Route de la Balme,La Balme,5
Avalin L',483,Chalet,Rue des Leissières,Vieux Village,8
Avancher L',492,Hôtel/Restaurant,Avenue du Prariond,Les Richardes,12
Avancher Lodge L',491,Résidence,Avenue du Prariond,Les Richardes,12
Avenue Lodge,273,Hôtel/Bar/Restaurant/Spa,Avenue Olympique,Les Lèches,7
Azalée L',500,Résidence,Allée des Richardes,Les Richardes,12
Azerole L',394,Chalet,Rue de la Legettaz,La Legettaz,11
Bagagerie,193,Bâtiment,Avenue Olympique,Le Coin,7
Bailleta,490,Chalet,Avenue du Prariond,Les Richardes,12
Baïte Le,402,Chalet,Rue de la Legettaz,La Legettaz,11
Balcons de Bellevarde Les,36,Résidence,Rue de la Daille,La Daille,1
Balme La,191,Résidence,Route de la Balme,La Balme,6
Bambou le,284,Restaurant,Place de l'office,Le Thovex,7
Bananas,240,Restaurant/Bar,Rue du Parc des Sports,Parc des Sports,6
Bandire,559,Chalet,Route du Fornet,Le Fornet,15
Banque de Savoie,270,Banque,Avenue Olympique,Les Lèches,7
Banque Populaire,217,Banque,Avenue Olympique,Le Dôme,7
Banque postale,307,Banque,Rue de la Poste,Val Village,8
Bar Jacques,196,Restaurant,Rue du Parc des Sports,Le Coin,7
Bar sur la Montagne,216,Restaurant,Avenue Olympique,Le Dôme,7
Baraque La,144,Restaurant/Bar,Avenue Olympique,L'Illaz,4
Barillon,14,Restaurant,Rue des Etroits,La Daille,2
Barmaz,358,Résidence,Rue du Joseray,Le Joseray,10
Barme de l'Ours La,119,Chalet,Avenue Olympique,Le Cacholet,3
Barmes de l'Ours Les,234,Hôtel/Restaurants/Rotisserie/Coiffeur/Bar/Spa,Montée de Bellevarde,Vers les Eaux,6
Barmettes,462,Chalet,Rue Nicolas Bazile,Vieux Village,8
Barmettes,504,Chalet,Rue des Barmettes,L'Adroit,12
Bartavelles Les,142,Chalet,Accès par Avenue Olympique,L'Illaz,4
Bazel,551,Chalet,Route du Fornet,Le Fornet,15
Bazile,474,Chalet,Rue Nicolas Bazile,Vieux Village,8
Bazile II,476,Chalet,Rue Nicolas Bazile,Vieux Village,8
Beautiful,275,Commerce,Avenue Olympique,Les Lèches,7
Bec de l'Aigle,433,Chalet,Rue du Cachay,Rond-Point des Pistes,9
Becca La,512,Hôtel,Route du Laisinant,Le Laisinant,13
Bel Air,111,Chalet,Chemin du Cacholet,Le Cacholet,3
Belambra,172,Résidence,Route de la Balme,La Balme,5
Bellecôte,6,Résidence,Place du Rosoleil,La Daille,1
Bellevarde a,114,Chalet,Chemin du Cacholet,Le Cacholet,3
Bellevarde 1 (Les Chalets de),151,Résidence,Route de la Balme,La Calabourdanne,7
Bellevarde 1986 Le,146,Résidence,Avenue Olympique,L'Illaz,4
Bellevarde 2 (Les Chalets de),152,Résidence,Route de la Balme,La Calabourdanne,7
Bellevarde 3 (Les Chalets de),153,Résidence,Route de la Balme,La Calabourdanne,7
Bellier Le,204,Hôtel,Rue du Coin,Le Coin,7
Belsol Le,267,Résidence,Rue Noël Machet,Les Lèches,7
Bérénice,284,Commerce,Place Moufflier,Le Thovex,7
Berger,360,Chalet,Rue du Joseray,Le Joseray,10
Bergerie La,239,Chalet,Rue du Parc des Sports,Parc des Sports,6
Bergerie La,405,Chalet,Rue de la Legettaz,La Legettaz,11
Bériat,473,Chalet,Rue Nicolas Bazile,Vieux Village,8
Berraud,290,Bijouterie/Parfumerie,Avenue Prariond,Le Thovex,7
Bivouac Le,481,Chalet,Rue des Leissières,Vieux Village,8
Black Pearl,61,Chalet,Avenue Olympique,Le Crêt,3
Blanche Neige,346,Résidence,Rue des Célibataires,Le Rogoney,8
Blanchettes Les,480,Chalet,Rue des Leissières,Vieux Village,8
Blanchot,97,Chalet,Chemin du Petit Alaska,Le Petit Alaska,5
Bleuets Les,343,Résidence,Rue des Célibataires,Le Rogoney,8
Blizzard Le,277,Hôtel/Restaurant/Spa,Avenue Olympique,Les Lèches,7
Blue Note,265,Bar,Rue du Cocor,Les Lèches,7
Boch,37,Chalet,D902,La Daille,2
Bon Conseil,514,Chalet,Route du Laisinant,Le Laisinant,13
Bonel J. Claude,999,Chalet,Chemin de la Bayettaz,Le Fornet,15
Bonne Neige,37,Chalet,D902,La Daille,2
Bonnevie,366,Chalet,Accès par Rue du Joseray,Le Joseray,10
Bonnevie,541,Chalet,Rue du Fornet,Le Fornet,15
Bonnevie,547,Chalet,Rue du Fornet,Le Fornet,15
Bonnevie Celestin,31,Chalet,Rue de la Daille,La Daille,2
Bonnevie Jean Louis,19,Chalet,Rue des étroits,La Daille,2
Boraso Sport 2000,264,Commerce,Rue du Cocor,Les Lèches,7
Bosset Le,78,Chalet,Chemin du Bosset,Le Bosset,4
Boucherie Cash 2000,505,Commerce,Rue des Barmettes,L'Adroit,12
Boulons Les,369,Résidence,Rue du Joseray,Le Joseray,10
Bouquetiniste,252,Librairie,Rue du Parc des Sports,Les Lèches,7
Bouquetins Les,316,Résidence,Avenue du Prariond,L'Illetaz,8
Bout du Monde Le,662,Restaurant,Vallée du Manchet,Le Manchet,11
Bozzetto,120,Chalet,Avenue Olympique,Le Cacholet,3
Branges Les,654,Chalet,Route du Fornet,Montée du Fornet,14
Brasserie Louis,7,Restaurant,Place du Rosoleil,La Daille,1
Bravo,386,Chalet,Accès par Rue du Joseray,Châtelard,11
Brico Val,265,Commerce,Rue du Cocor,Les Lèches,7
Bruyères Les,493,Résidence,Avenue du Prariond,Les Richardes,12
Bureau de Tabac,290,Commerce,Place Moufflier,Le Thovex,7
Bureau de Tabac,6,Bureau de Tabac,Place du Rosoleil,La Daille,1
Bureau des Guides,145,Ecole de ski,Avenue Olympique,L'Illaz,4
Burger House,146,Restauration,Avenue Olympique,L'Illaz,4
Cabane La,325,Restauration,Front de Neige,Front de Neige,8
Cabinet Médical Delobelle,284,Cabinet Médical,Place Moufflier,Le Thovex,7
Cabinet Medical Griffiths,63,Cabinet Médical,Avenue Olympique,Le Crêt,3
Cabri,243,Chalet,Rue du Parc des Sports,Parc des Sports,6
Cachey Le,437,Chalet,Rue du Cachay,Rond-Point des Pistes,9
Cachoban,126,Chalet,Avenue Olympique,L'Illaz,4
Cacholet,124,Résidence,Avenue Olympique,Le Cacholet,3
Cagnotte,84,Chalet,Route de la Balme,Le Bosset,4
Caisse STVI,25,Forfaits,Accès par Rue des étroits,La Daille,2
Caisse STVI,245,Forfaits,Esplanade,Parc des Sports,6
Caisse STVI,306,Forfaits,Place des Dolomites,Val Village,8
Cala,671,Chalet,Montée de la Legettaz,La Legettaz,10
Calabourbane,154,Résidence,Rue de la Calabourdanne,La Calabourdanne,7
Calimero,533,Chalet,Chemin des Prés,Le Fornet,15
Calistoga,51,Chalet,Chemin de la Ruaz,Le Crêt,3
Camahu,538,Chalet,Rue du Fornet,Fornet,15
Campanules,404,Chalet,Rue de la Legettaz,La Legettaz,11
Campanules Les,87,Résidence,Avenue Olympique,Le Bosset,4
Camping du Laisinant,510,Camping,Route du Laisinant,Le Laisinant,13
Canadienne,109,Résidence,Route de la Balme,Le Petit Alaska,5
Canendal,256,Chalet,Rue du Parc des Sports,Les Lèches,7
Cantou,368,Garage,Rue du Joseray,Le Joseray,10
Cantou Le,367,Chalet,Rue du Joseray,Le Joseray,10
Cantouna,37,Chalet,D902,La Daille,2
Carats Les,218->230,Ensemble de Chalets,Montée de Bellevarde,Vers les Eaux,6
Carats blanc Les,679,Chalet,Rue des leissières,Rogoney,8
Caresse Lingerie,302,Commerce,Val Village,Val Village,8
Caribou,100,Chalet,Chemin du Petit Alaska,Le Petit Alaska,5
Carline,524,Chalet,Route du Laisinant,Le Laisinant,13
Casa Rivas de la Fuente,183,Chalet,Route de la Balme,La Balme,6
Casa Scara,448,Restaurant,Rue de l'Eglise,Vieux Village,8
Cascade,543,Chalet,Rue du Fornet,Le Fornet,15
Caserne Pompiers,497,Secours,Avenue du Prariond,Les Richardes,12
Cash 2000,504,Commerce,Rue des Barmettes,L'Adroit,12
Casino,7,Commerce,Place du Rosoleil,La Daille,1
Casserole La,195,Restaurant,Rue du Parc des Sports,Le Coin,7
Castor,637,Chalet,Chemin du Petit Alaska,Le Petit Alaska,5
Castor 1,104,Chalet,Chemin du Petit Alaska,Le Petit Alaska,5
Cathiard,218,Chalet,Montée de Bellevarde,Vers les Eaux,6
Cave sur le Comptoir La,144,Commerce,Avenue Olympique,L'Illaz,4
CCAS,71,Résidence,Avenue Olympique,Le Clos,3
Cembros,310,Chalet,Impasse des Gentianes,L'illetaz,8
Centaurés du Praz,407,Résidence,Rue de la Legettaz,La Legettaz,11
Centrale d'épuration CGE,2,Bâtiment,Chemin du Bois de la Laye,La Daille,1
Centrale électrique EDF,76,Bâtiment,Chemin des Côves,Les Côves,3
Centre Aquasportif,237,Bâtiment,Rue de la Face,Vers les Eaux,6
Centre commercial,7,Bâtiment,Place du Rosoleil,La Daille,1
Centre Henri Oreillier,235,Bâtiment,Rue de la Face,Vers les Eaux,6
Centre Médical Medival,63,Cabinet Médical,Avenue Olympique,Le Crêt,3
Chablis,416,Chalet,Rue de la Legettaz,La Legettaz,11
Chalet Bonnevie Jean Louis,19,Chalet,Rue des étroits,La Daille,2
Chalet Bout du Monde,662,Restaurant,Vallée du Manchet,Le Manchet,11
Chalet de Pierre,520,Chalet,Accès par Route du Laisinant,Le Laisinant,13
Chalet des Alpes,315,Chalet,Avenue du Prariond,L'Illetaz,8
Chalet des étroits,16,Chalet,Rue des étroits,La Daille,2
Chalet des Neiges,17,Chalet,Rue des étroits,La Daille,2
Chalet des Neiges,311,Chalet,Impasse des Gentianes,L'illetaz,8
Chalet des Pentes,17,Chalet,Rue des étroits,La Daille,2
Chalet des Pistes,17,Chalet,Rue des étroits,La Daille,2
Chalet des Sources,218,Chalet,Montée de Bellevarde,Vers les Eaux,6
Chalet du Laisinant,523,Résidence,Route du Laisinant,Le Laisinant,13
Chalet Etoile des Neiges,18,Chalet,Rue des étroits,La Daille,2
Chalet Izia Les,430,Chalet,Rue du Cachay,Pont du Joseray,9
Chalet Les Alpes,233,Chalet,Montée de Bellevarde,Vers les Eaux,6
Chalet Soleil Levant,19,Chalet,Rue des étroits,La Daille,2
Chalet Time,298,Agence Immobilière,Val Village,Val Village,8
Chalets de Bellevarde 1 Les,151,Résidence,Route de la Balme,La Calabourdanne,7
Chalets de Bellevarde 2 Les,152,Résidence,Route de la Balme,La Calabourdanne,7
Chalets de Bellevarde 3 Les,153,Résidence,Route de la Balme,La Calabourdanne,7
Chalets de Solaise Les,426,Résidence,Rue de la Legettaz,La Legettaz,10
Chalets de Solaise Les (P et V),138,Résidence,Accès par Avenue Olympique,L'Illaz,4
Chamois d'Or,354,Hôtel,Accès par Rue de la Face,Chantel,9
Champs Avalins Hôtel,8,Résidence,Rue du Rosoleil,La Daille,1
Changement d'air,168,Décoratrice d'intérieur,Route de la Balme,La Balme,5
Chantelouve,167,Résidence,Route de la Balme,La Balme,5
Chanterelles Les,160,Chalet,Route de la Balme,La Balme,5
Chardon Le,390,Chalet,Rue de la Legettaz,La Legettaz,11
Chardons Les,446,Hôtel,Montée du Bellevue,Vieux Village,8
Charly,386,Chalet,Accès par Rue du Joseray,Châtelard,11
Charvet Le,203,Résidence,Rue du Coin,Le Coin,7
Chaufferie IDEX,13,Bâtiment,Rue du Rosoleil,La Daille,1
Chavonnes Les,479,Chalet,Rue des Leissières,Vieux Village,8
Chêne,653,Chalet,Avenue du Prariond,Le Rogoney,8
Cherrier,195,Résidence,Rue du Parc des Sports,Le Coin,7
Chevallot,271,Boulangerie,Avenue Olympique,Les Lèches,7
Chevallot,506,Usine,Rue des Barmettes,L'Adroit,12
Chevallot les Clarines,298,Boulangerie,Val Village,Val Village,8
Chevril,140,Chalet,Avenue Olympique,L'Illaz,4
Cheyenne,375,Chalet,Accès par Route du Joseray,Châtelard,11
Chez Sylvain,668,Chalet,Rue du Fornet,Le Fornet,15
Chez Nano,196,Restaurant,Rue du Parc des Sports,Le Coin,7
Chez Paolo,436,Restaurant,Rue du Cachay,Le Rond-Point des Pistes,9
Chez Savoy,361,Chalet,Accès par Pont du Joseray,Le Joseray,10
Chez Seraphine,295,Chalet,Accès par Avenue du Prariond,Le Thovex,7
Chiquito Tabac,272,Tabac,Avenue Olympique,Les Lèches,7
Chogori Le,678,Hotel,Avenue du Prariond,L'illetaz,8
Choucas A Les,215,Résidences,Accès par Avenue Olympique,Le Dôme,7
Choucas B Les,214,Résidences,Accès par Avenue Olympique,Le Dôme,7
Christiania,254,Hôtel,Rue du Parc des Sports,Les Lèches,7
CIC,145,Banque,Avenue Olympique,L'illaz,4
Cimalpes,284,Agence Immobilière,Place Moufflier,Le Thovex,7
Cimes Les,145,Galerie,Avenue Olympique,L'Illaz,4
Cimes Les,145,Résidence,Avenue Olympique,L'illaz,4
Cimetière,509,Cimetière,Rue des Barmettes,L'Adroit,12
Cinéma,236,Cinéma,Rue de la Face,Vers les eaux,6
Circuit de Glace,663,Activité,Route de la Plaine,Plaine de la Daille,3
CIS Immobilier,448,Agence Immobilière,Rue de la Galise,Vieux Village,8
Clapey Le,335,Résidence,Rue des Leissières,Le Front de Neige,8
Clarines Les,85,Résidence,Route de la Balme,Le Bosset,4
Clo Pierre,482,Chalet,Rue des Leissières,Vieux Village,8
Clochetons Les,388,Restaurant,Route de l'Eau Rousse,Châtelard,11
Club des Sports,245,Bâtiment,Esplanade,Parc des Sports,6
Club Méditerrané,412,Résidence,Rue de la Legettaz,La Legettaz,11
Cocorico Le,441,Bar,Rue du Cachay,Rond-Point des Pistes,9
Cœur de Val,448,Résidence,Rue de la Galise,Vieux Village,8
Coffee Shop,215,Restauration,Avenue Olympique,Le Dôme,7
Cognac,418,Chalet,Rue de la Legettaz,La Legettaz,11
Coiffeur,234,Salon de coiffure,Montée de Bellevarde,Vers les Eaux,6
Coiffeur,7,Salon de coiffure,Place du Rosoleil,La Daille,1
Coiffeur,285,Salon de coiffure,Place Moufflier,Le Thovex,7
Coin des Amis Le,297,Bar,Val Village,Val Village,8
Coin Savoyard,234,Restaurant,Montée de Bellevarde,Vers les Eaux,6
Colombia,301,Commerce,Val Village,Val Village,8
Cooperative Laitière,300,Commerce,Val Village,Val Village,8
Coprin,163,Chalet,Route de la Balme,La Balme,5
Cordée La,54,Chalet,Chemin de la Ruaz,Le Crêt,3
Corniche La,474,Restaurant,Rue des Leissières,Vieux Village,8
Costa,466,Chalet,Rue Nicolas Bazile,Vieux Village,8
Côté Paul,210,Chalet,Rue du Coin,Le Coin,7
Couchire,558,Chalet,Route du Fornet,Le Fornet,15
Cousillons Les,362,Fromagerie,Rue du Joseray,Le Joseray,10
Côves 1 Les,73,Résidence,Route de la Balme,Le Clos,3
Côves2 Les,77,Résidence,Chemin des Côves,Les Coves,3
Coyote,94,Chalet,Chemin du Petit Alaska,Le Petit Alaska,5
Crazy Barmes,290,Commerce,Avenue du Prariond,Le Thovex,7
Crèche Bout'choux,88,Bâtiment,Route de la Balme,Le Bosset,4
Crédit Agricole des Savoie,281,Banque,Avenue Olympique,Le Thovex,7
Crêpe Val,297,Crêperie,Val Village,Val Village,8
Crêperie du Grand Marnier La,306,Crêperie,Place des Dolomites,Val Village,8
Crêperie La,284,Crêperie,Place Moufflier,Le Thovex,7
Cressets Les,530,Chalet,Rue du Fornet,Le Fornet,15
Crêt (Chalet du),48,Chalet,Chemin de la Ruaz,Le Crêt,3
Crêt 1,56,Résidence,Chemin du Crêt,Le Crêt,3
Crêt 2,55,Résidence,Chemin du Crêt,Le Crêt,3
Crêtes Blanches Les,200,Hôtel,Rue du Parc des Sports,Le Coin,7
Cristal,30,Chalet,Rue de la Daille,La Daille,2
Cristallines Les,116,Résidence,Impasse du Planay,Le Cacholet,3
Cristilidji,425,Chalet,Rue de la Legettaz,La Legettaz,10
Crocus Le,280,Résidence,Avenue Olympique,Le Thovex,7
Croix du Sud La,252,Résidence,Rue du Parc des Sports,Les Lèches,7
Croix La,42,Chalet,Chemin de la Ruaz,Le Crêt,3
Crozets Les,553,Restaurant,Route du Fornet,Le Fornet,15
Crystal A/B,220,Chalet,Montée de Bellevarde,Vers les Eaux,6
Cygnaski,86,Résidence,Route de la Balme,Le Bosset,4
Dahu Le,330,Résidence,Rue des Leissières,Le Front de Neige,8
Daille La,35,Résidence,Rue de la Daille,La Daille,1
Dalva,262,Chalet/Résidence,Rue Noël Machet,Les Lèches,7
Dana,659,Chalet,Rue du Chatelard,Châtelard,11
Danaïdes du Praz,406,Résidence,Accès par Rue de la Legettaz,La Legettaz,11
Danaïdes Les,328,Résidence,Rue de l'église,Le Front de Neige,8
Danival,331,Résidence,Rue des Leissières,Le Front de Neige,8
Daphnées Les,258,Résidence,Rue du Parc des Sports,Les Lèches,7
Darbi Le,159,Chalet,Rue de la Face,La Calabourdanne,7
Davos Kloster,66,Chalet,Chemin du Cacholet,Le Crêt,3
DDE-DIR,150,Bâtiment,Avenue Olympique,L'Illaz,4
Decales,301,Commerce,Val Village,Val Village,8
Delta,386,Chalet,Accès par Rue du Joseray,Châtelard,11
Delval Immobilier,2884,Agence Immobilière,Place Moufflier,Le Thovex,7
Dentiste,63,Centre Médical,Avenue Olympique,Le Crêt,3
Diamant,225,Chalet,Montée de Bellevarde,Vers les Eaux,6
Dick's Tea Bar,200,Discothèque,Rue du Parc des Sports,Le Coin,7
Doline,197,Chalet,Rue de la Legettaz,La Legettaz,11
Dolomites Les,489,Hôtel,Avenue du Prariond,Les Richardes,12
Dôme Le,217,Résidence,Avenue Olympique,Le Dôme,7
Doudoune Club La,441,Discothèque,Rue du Cachay,Rond-Point des Pistes,9
Duc de Savoie Le,212,Hôtel,Accès par Avenue Olympique,Le Dôme,7
Eagle N'Est,231,Chalet,Montée de Bellevarde,Vers les Eaux,6
Eau Design,127,Plomberie Chauffage,Avenue Olympique,Illaz,4
Eau Vive L',265,Résidence,Rue du Cocor,Les Lèches,7
Ebène,653,Chalet,Avenue du Prariond,Le Rogoney,8
Ebenisterie,538,Bâtiment,Rue du Fornet,Fornet,15
Echo,386,Chalet,Rue du Joseray,Châtelard,11
Ecogam,277,Commerce,Avenue Olympique,Les Lèches,7
Ecole Maternelle,169,Bâtiment,Route de la Balme,La Balme,5
Ecole Primaire,170,Bâtiment,Route de la Balme,La Balme,5
Ecrins Les,395,Chalet,Rue de la Legettaz,La Legettaz,11
Eden Institut Carita,299,Institut de beauté,Val Village,Val Village,8
Eglise,452,Bâtiment,Rue de l'Eglise,Vieux Village,8
Elan,96,Chalet,Chemin du Petit Alaska,Le Petit Alaska,5
Element,215,Commerce,Avenue Olympique,Le Dôme,7
Elena,43,Chalet,Chemin de la Ruaz,Le Crêt,3
Elephant Blanc L',396,Chalet,Rue de la Legettaz,La Legettaz,11
Elo Beauty,7,Coiffure + Esthétique,Place du Rosoleil,La Daille,1
Emeraude,229,Chalet,Montée de Bellevarde,Vers les Eaux,6
Epervière L',57,Chalet,Avenue Olympique,Le Crêt,3
Epicerie des Neiges,279,Commerce,Avenue Olympique,Le Thovex,7
Equinoxes les,677,Hotel,Rue des étroits,La Daille,2
Eric Bompard,448,Commerce,Rue de la Galise,Vieux Village,8
Escale L',206,Résidence,Rue du Coin,Le Coin,7
ESF,7,Commerce,Place du Rosoleil,La Daille,1
ESF,304,Bâtiment,Rue du Grand Cocor,Val Village,8
ESF,324,Chalet,Front de Neige,Front de Neige,8
Eskiador Sport 2000,127,Commerce,Avenue Olympique,L'Illaz,4
Espace Vacances,200,Résidence,Rue du Parc des Sports,Le Coin,7
Essential Hair by Mariana,285,Salon de coiffure,Place Moufflier,Le Thovex,7
Esthétique Eden,273,Esthéticienne,Avenue Olympique,Les Lèches,7
Etable d'Alain L',508,Restaurant,Rue des Barmettes,L'Adroit,12
Eterlou L',296,Chalet,Accès par Avenue du Prariond,Le Thovex,7
Etincelle L',661,Restaurant,Accès par chemin du Charvet,Rond-Point des Pistes,9
Etoile des Neige,18,Chalet,Rue des Etroits,La Daille,2
Etoile du Nord L',666,Chalet,Chemin du petit Alaska,Le Petit Alaska,4
Etoile'L,571,Chalet,Route du Fornet,Le Fornet,15
Etroits (Chalet des),16,Chalet,Rue des Etroits,La Daille,2
Eureka Val,422,Résidence,Rue de la Legettaz,La Legettaz,10
Evolution 2,435,Ecole de Ski,Rue du Cachay,Le Rond-Point des pistes,9
Face,650,Chalet,Rue de la Face,La Calabourdanne,7
Face La,680,Chalet,Montée de la face,Les carats,6
Fall Line,174,Bar,Route de la Balme,La Balme,5
Fanal Le,268,Résidence,Rue des Lèches,Les Lèches,7
Farmhouse,466,Ensemble de Chalets,Rue Nicolas Bazile,Vieux Village,8
Fasty foody,7,Commerce,Place du Rosoleil,La Daille,1
Ferme Coussillon,362,Ferme,Rue du Joseray,Le Joseray,10
Ferme de l'Adroit,508,Ferme,Rue des Barmettes,L'Adroit,12
Ferme de Val,181->189,Ensemble de Chalets,Route de la Balme,La Balme,6
Ferme du Vieux Clos,484,Chalet,Rue des Leissières,Vieux Village,8
Ferme La,517,Chalet,Route du Laisinant,Le Laisinant,13
Ferme Tutel,362,Bâtiment,Rue du Joseray,Le Joseray,10
Fermette de Claudine,302,Commerce,Val Village,Val Village,8
Findeling,382,Chalet,Accès par Rue du Joseray,Châtelard,11
Fjord,148,Résidence,Avenue Olympique,L'Illaz,4
Flash Pizza,144,Pizzeria,Avenue Olympique,L'Illaz,4
Fleuriste,251,Fleuriste,Rue du Parc des Sports,Les Lèches,7
Flocon,345,Résidence,Rue des Célibataires,Le Rogoney,8
Floride Le,522,Résidence,Chemin de la Vanoise,Le Laisinant,13
FM Rénovation,41,Bâtiment,Chemin de la Daille,La Daille,2
Fohen,155,Chalet,Rue de la Calabourdanne,La Calabourdanne,7
Folie Douce La,275,Commerce,Avenue Olympique,Les Lèches,7
Fondue Factory,211,Restaurant,Avenue Olympique,Le Dôme,7
Fonti,347,Chalet,Rue des Célibataires,Le Rogoney,8
Forêt,542,Chalet,Rue du Fornet,Le Fornet,15
Forêt La,175,Résidence,Route de la Balme,La Balme,5
Fornet,538,Hôtel,Rue du Fornet,Le Fornet,15
Fornet (Chalet du),554,Chalet,Route du Fornet,Le Fornet,15
Fornet 1,560,Chalet,Route du Fornet,Le Fornet,15
Fornet 2,557,Chalet,Route du Fornet,Le Fornet,15
Fox Trot,386,Chalet,Accès par Rue du Joseray,Châtelard,11
France Telecom,74,Logements,Avenue Olympique,Le Clos,3
Franchet,11,Résidence,Rue du Rosoleil,La Daille,1
Franchet Le,466,Chalet,Rue Nicolas Bazile,Vieux Village,8
Frojo,290,Bijouterie,Avenue du Prariond,Le Thovex,7
Galise La,447,Hôtel,Rue de la Galise,Vieux Village,8
Gallet,382,Chalet,Accès par Rue du Joseray,Châtelard,11
Garage,664,Garage,Chemin de la Ruaz,Le Crêt,3
Garage à Dameuse,21,Garage,Rue des étroits,La Daille,2
Garage bus STVI,5,Garage,D902,La Daille,5
Garage communal,1,Garage,La Daille,La Daille,1
Garage du Bosset,79,Garage,Chemin du Bosset,Le Bosset,4
Garage Gelinotte,102,Garage,Chemin du Petit Alaska,Le Petit Alaska,5
Garage l'Adonis,80,Garage,Route de la Balme,Le Bosset,4
Garage L'Ancolie,350,Garage,Rue des Leissières,Le Rogoney,8
Gardes du Parc de la Vanoise,519,Chalet,Chemin de la Vanoise,Le Laisinant,13
Gare Funiculaire,24,Remontée,Accès par rue des étroits,La Daille,2
Gare Routière,193,Bâtiment,Avenue Olympique,Le Coin,7
Gare Télécabine,15,Bâtiment,Rue des étoits,La Daille,2
Gaudissard,290,Commerce,Avenue du Prariond,Place Moufflier,7
Gelinotte La,92,Chalet,Chemin du Petit Alaska,Le Petit Alaska,5
Gelinotte La,101,Hôtel,Chemin du Petit Alaska,Le Petit Alaska,5
Gendarmerie Nationale,498,Bâtiment,Avenue du Prariond,Les Richardes,12
Genepy,110,Chalet,Accès par Route de la Balme,Le Petit Alaska,5
Genepy Le,459,Chalet,Avenue du Prariond,Vieux Village,8
Geneviève,391,Chalet,Rue de la Legettaz,La Legettaz,11
Gentianes Les,314,Chalet,Impasse des Gentianes,L'Illetaz,8
Gîte Communal,552,Chalet,Chemin des Prés,Le Fornet,15
Gîte l'Ecureuil,531,Chalet,Chemin des Prés,Le Fornet,15
Glaciers Les,293,Résidence,Accès par Avenue du Prariond,Le Thovex,7
Gnellets Les,357,Chalet,Accès par Pont du Joseray,Le Joseray,10
Golf,386,Chalet,Accès par Rue du Joseray,Châtelard,11
Gourmandine La,439,Restaurant,Rue du Cachay,Rond-Point des Pistes,9
Grain de Sel Le,211,Restaurant,Avenue Olympique,Le Dôme,7
Grand Angle photos,145,Photographe,Avenue Olympique,L'Illaz,4
Grand Cocor,264,Restaurant,Rue du Cocor,Les Lèches,7
Grand Cocor Le,264,Résidence,Rue du Cocor,Les Lèches,7
Grand Nord,109,Hôtel,Route de la Balme,Le Petit Alaska,5
Grand Paradis,263,Résidence,Rue du Cocor,Les Lèches,7
Grand Parei,570,Chalet,Route du Fornet,Le Fornet,15
Grand Pares,564,Chalet,Route du Fornet,Le Fornet,15
Grand Pierre (Maison),358,Chalet,Accès par Pont du Joseray,Le Joseray,10
Grand Pré,670,Chalet,Montée de la Legettaz,La Legettaz,10
Grand Près,181,Chalet,Route de la Balme,La Balme,6
Grand Tétras,387,Chalet,Accès par Rue du Joseray,Châtelard,11
Grand Vallon Le,158,Résidence,Rue de la Face,La Calabourdanne,7
Grande Casse La,115,Chalet,Chemin du Cacholet,Le Cacholet,3
Grande Ours La,321,Restaurant,Rue de la Grande Ourse,Le Front de Neige,8
Grande Sassière,69,Chalet,Chemin du Cacholet,Le Crêt,3
Grandes Baïmes Les,392,Chalet,Rue de la Legettaz,La Legettaz,11
Grange à Léonard,37,Chalet,D902,La Daille,2
Grange La,531,Chalet,Chemin des Prés,Le Fornet,14
Grapillon,433,Chalet,Rue du Cachay,Rond-Point des Pistes,9
Gratiot,382,Chalet,Accès par Rue du Joseray,Châtelard,11
Griffiths,308,Cabinet Médical,Place des Dolomites,Val Village,8
Grizny,488,Résidence,Avenue du Prariond,Les Richardes,12
Grizzly,108,Chalet,Chemin du Petit Alaska,Le Petit Alaska,5
Gunié,547,Chalet,Rue du Fornet,Le Fornet,15
Hameaux de Val,494,Résidence,Avenue du Prariond,Les Richardes,12
Hameaux des Verdets,173,Résidence,Route de la Balme,La Balme,5
Hangar L',540,Chalet,Rue du Fornet,Le Fornet,15
Haute Pierre,49,Chalet,Chemin de la Ruaz,Le Crêt,3
Hauts de Val Les,289,Résidence,Montée du Thovex,Le Thovex,7
Hauts du Rogoney Les,339,Résidence,Chemin du Rogoney,Le Rogoney,8
Hélène Immobilier,284,Agence Immobilière,Place Moufflier,Le Thovex,7
Henri Oreillier,320,Hôtel,Rue de la Grande Ourse,Le Front de Neige,8
Hermine,107,Chalet,Accès par Route de la Balme,Le Petit Alaska,5
Hestia,466,Chalet,Rue Nicolas Bazile,Vieux Village,8
Hibou Le,127,Commerce,Avenue Olympique,L'Illaz,4
Himalaya,20,Chalet,Rue des Etroits,La Daille,2
Hors Limite,251,Commerce,Rue du Parc des Sports,Les Lèches,7
Hotel Lodge,490,Chalet,Avenue du Prariond,Les Richardes,12
Husky,101,Chalet,Accès par Route de la Balme,Le Petit Alaska,5
Idex,495,Bâtiment,Avenue du Prariond,Les Richardes,12
Illaz L',131,Chalet,Accès par Avenue Olympique,L'Illaz,4
Illaz L',129,Résidence,Avenue Olympique,L'Illaz,4
In Extenso Tarentaise,463,Cabinet comptable,Avenue du Prariond,Le Vieux Village,8
India,386,Chalet,Accès par Rue du Joseray,Châtelard,11
Innoko,95,Chalet,Chemin du Petit Alaska,Le Petit Alaska,5
Intersport,147,Commerce,Avenue Olympique,L'Illaz,4
Intersport,7,Commerce,Place du Rosoleil,La Daille,1
Intersport By Mattis,263,Commerce,Rue du Cocor,Les Lèches,7
Intersport By Pitte,282,Commerce,Avenue Olympique,Le Thovex,7
Inuit (chalet),672,Chalet,Chemin du petit Alaska,Le petit Alaska,5
Iraniens (Chalet des),655,Chalet,Route du Fornet,Montée du Fornet,14
Iris Les,122,Chalet,Avenue Olympique,Le Cacholet,3
Iseran 2000,143,Résidence,Accès par Avenue Olympique,L'Illaz,4
Isère L',288,Résidence,Montée du Thovex,Le Thovex,7
Jack,450,Bar,Rue de la Poste,Vieux Village,8
Jack Wolfskin,282,Commerce,Avenue Olympique,Le Thovex,7
Jade,228,Chalet,Montée de Bellevarde,Vers les Eaux,6
Jane Griffith,449,Galerie d'art,Rue de l'église,Vieux Village,8
Jardin Alpin I,410,Résidence,Rue de la Legettaz,La Legettaz,11
Jardin Alpin II,411,Résidence,Rue de la Legettaz,La Legettaz,11
Jardin Alpin III,409,Résidence,Rue de la Legettaz,La Legettaz,11
Jardin de la Balme,172,Résidence,Route de la Balme,La Balme,5
Jardin de Val,171,Résidence,Route de la Balme,La Balme,5
Jardin des Alpes,145,Restaurant,Avenue Olympique,L'Illaz,4
Jean sport,442,Commerce,Avenue du Prariond,Vieux Village,8
Joseray,371,Chapelle,Accès par Rue du Joseray,Le Joseray,10
Julien,356,Chalet,Rue de la Face,Chantel,9
Jupiter V5 + Gardien Val Village,297,Résidence,Rue de la Poste,Val Village,8
Kandahar Le,213,Hôtel,Avenue Olympique,Le Dôme,7
Kavok,562,Chalet,Route du Fornet,Le Fornet,15
Kern Le,274,Hôtel,Passage du Kern,Les Lèches,7
Kilco,651,Chalet,Rue de la Calabourdanne,Parc des Sports,6
Kilimandjaro,675,Hôtel,Rue des célibataires,Célibataires,12
Kilimanjaro,393,Chalet,Rue de la Legettaz,La Legettaz,11
Killy Sport,284,Commerce,Place Moufflier,Le Thovex,7
Kilo 1-2-3,384,Chalet,Accès par Rue du Joseray,Châtelard,11
Kinésithérapeute,282,Médecin,Avenue Olympique,Le Thovex,7
Kinésithérapeute Masseur,147,Médecin,Avenue Olympique,L'Illaz,4
Kineval,63,Cabinet Médical,Avenue Olympique,Le Crêt,3
K2,678/309,Hôtel,Avenue du Prariond,L'Illetaz,8
La Bouclia,45,Chalet,Chemin du Crêt,Le Crêt,3
Lac Damour,539,Chalet,Rue du Fornet,Le Fornet,15
Lafitenia *,389,Chalet,Rue de la Legettaz,La Legettaz,11
Laisinant (Chalet du),523,Résidence,Route du Laisinant,Le Laisinant,13
Lamy,564,Chalet,Route du Fornet,Le Fornet,15
Languetin,156,Chalet,Rue de la Face,La Calabourdanne,7
Languetin,157,Chalet,Rue de la Face,La Calabourdanne,7
Lascha,569,Chalet,Route du Fornet,Le Fornet,15
Lauzes Les,454,Hôtel,Rue de l'Eglise,Vieux Village,8
Laverie Automatique,7,Commerce,Place du Rosoleil,La Daille,1
Laverie Automatique,127,Commerce,Avenue Olympique,L'Illaz,4
Laverie Automatique,252,Commerce,Rue du Parc des Sports,Les Lèches,7
Lecommandeur,352,Chalet,Rue de la Face,Chantel,9
L'écureuil,674,Résidence,Avenue du Prariond,Les richardes,12
Leissières Les,348,Résidence,Rue des Leissières,Le Rogoney,8
Le petit alaska,673,Chalet,chemin du petit alaska,Le petit alaska,4
Lepiote,165,Chalet,Route de la Balme,La Balme,5
Librairie Bouquiniste,252,Commerce,Rue du Parc des Sports,Les Lèches,7
Lièvre Blanc,182,Chalet,Route de la Balme,La Balme,6
Lièvre Blanc,472,Chalet,Rue Nicolas Bazile,Vieux Village,8
Life Mountain Style,284,Commerce,Place Moufflier,Le Thovex,7
Lima 1 et 2,383,Chalet,Accès par Rue du Joseray,Châtelard,11
Little lodge,337,Chalet,Rue des Leissières,Le Front de Neige,8
Lo Coumel,433,Chalet,Rue du Cachay,Rond-Point des Pistes,9
Lo Soli,521,Chalet,Route du Laisinant,Le Laisinant,13
Lô Suel,556,Chalet,Route du Fornet,Le Fornet,15
Lo Tavaillon,515,Chalet,Chemin de la Vanoise,Le Laisinant,13
Lô Torsaï,555,Chalet,Route du Fornet,Le Fornet,15
Lodge Le,196,Restaurant/Bar,Rue du Parc des Sports,Le Coin,7
Logement STVI,15,Bâtiment,Rue des étroits,La Daille,2
Lolë,277,Commerce,Avenue Olympique,Les Lèches,7
Lorres Les,485,Résidence,Avenue du Prariond,Les Richardes,12
Lothse,316,Chalet,Avenue du Prariond,L'Illetaz,8
Loup,540,Chalet,Rue du Fornet,Le Fornet,15
Loup Blanc,317,Résidence,Avenue du Prariond,L'Illetaz,8
Lucaval,403,Chalet,Rue de la Legettaz,La Legettaz,11
Luge La,277,Restaurant,Avenue Olympique,Les Lèches,7
Lupins Les,501,Résidence,Allée des Richardes,Les Richardes,12
Lys Martagon,272,Résidence,Avenue Olympique,Les Lèches,7
M,278,Bar,Avenue Olympique,Les Lèches,7
Mac Kinley,507,Chalet,Rue des Barmettes,L'Adroit,12
Madame Vacances,279,Résidence,Avenue Olympique,Le Thovex,7
Madeleine,81,Chalet,Route de la Balme,Le Bosset,4
Mademoiselle Val d'Isère,319,Hotel,Rue de la poste,Place des Dolomites,8
Madrisha,65,Chalet,Chemin du Cacholet,Le Crêt,3
Maeva,434,Résidence,Rue du Cachay,Le Rond-Point des Pistes,9
Mage Le,208,Chalet,Accès par Rue du Coin,Le Coin,7
Mairie,283,Bâtiment,Chemin du Rafour,Le Thovex,7
Maison André,28,Chalet,Rue de la Daille,La Daille,2
Maison André,543,Chalet,Rue du Fornet,Le Fornet,15
Maison d'Angélique,32,Chalet,Rue de la Daille,La Daille,2
Maison d'en Haut,516,Chalet,Chemin de la Vanoise,Le Laisinant,13
Maison de la Presse,216,Commerce,Avenue Olympique,Le Dôme,7
Maison de Val,236,Bâtiment,Rue de la Face,Vers les Eaux,6
Maison du Grand Pierre,358,Chalet,Accès par Pont du Joseray,Le Joseray,10
Maison Forestière,149,Bâtiment,Avenue Olympique,L'Illaz,4
Maison Marcel Chauvin,449,Bâtiment,Rue de l'Eglise,Vieux Village,8
Maison Moris,444,Chalet,Montée du Bellevue,Vieux Village,8
Maison Rose,332,Chalet,Rue des Leissières,Le Front de Neige,8
Makalu,470-471,Résidence,Rue Nicolas Bazile,Vieux Village,8
Mangard,342,Chalet,Rue des Leissières,Le Rogoney,8
Marabout,135,Chalet,Accès par Avenue Olympique,L'Illaz,4
Marcel Charvin (Maison),449,Bâtiment,Rue de l'église,Vieux Village,8
Marco Polo,313,Chalet,Impasse des Gentianes,L'Illetaz,8
Margaux,419,Chalet,Rue de la Legettaz,La Legettaz,11
Margherio,275,Commerce,Avenue Olympique,Les Lèches,7
Marie,184,Chalet,Route de la Balme,La Balme,6
Marmottes Les,123,Chalet,Avenue Olympique,Le Cacholet,3
Marmottière,89,Chalet,Route de la Balme,Le Petit Alaska,5
Mars V4,300,Résidence,Val Village,Val Village,8
Marsa La,550,Chalet,Route du Fornet,Le Fornet,15
Marsala,176,Hôtel,Accès par Route de la Balme,La Balme,5
Mathilda,185,Chalet,Route de la Balme,La Balme,6
Mattis Diffusion,297,Commerce,Val Village,Val Village,8
Mattis Felix,549,Chalet,Rue du Fornet,Le Fornet,15
Mattis Gerard et Philippe,135,Chalet,Accès par Avenue Olympique,L'illaz,4
Mattis Sport,252,Commerce,Rue du Parc des Sports,Les Lèches,7
Mattis Sport,278,Commerce,Avenue Olympique,Les Lèches,7
Mattis Sport-Intersport,263,Commerce,Rue du Cocor,Les Lèches,7
Médiathèque,236,Bâtiment,Rue de La Face,Vers les Eaux,6
Medival,63,Cabinet Médical,Avenue Olympique,Le Crêt,3
Mélanie,652,Chalet,Rue Nicolas Bazile,Vieux Village,8
Mélèzes ASCO,526,Chalet,Chemin de la Vanoise,Le Laisinant,13
Mélèzes Les,189,Chalet,Route de la Balme,La Balme,6
Mercure V1,299,Résidence,Val Village,Val Village,8
Merlot,420,Chalet,Rue de la Legettaz,La Legettaz,11
Métropole Le,251,Bâtiment,Rue du Parc des Sports,Les Lèches,7
Millega,197,Chalet,Rue du Coin,Le Coin,7
Millet Eider,282,Commerce,Avenue Olympique,Le Thovex,7
Mistral,389,Chalet,Rue de la Legettaz,La Legettaz,11
Mistral Le,257,Chalet,Rue du Parc des Sports,Les Lèches,7
Misty Fly,284,Ecole de Ski,Place Moufflier,Le Thovex,7
Mont Roup,130,Chalet,Accès par Avenue Olympique,L'Illaz,4
Montagne Girl,301,Commerce,Val Village,Val Village,8
Montain Masters,284,Ecole de Ski,Place Moufflier,Le Thovex,7
Montain Pro Shop,145,Commerce,Avenue Olympique,L'Illaz,4
Montain Property Services,125,Plomberie 24h/24,Avenue Olympique,Le Cacholet,3
Montana,219,Chalet,Montée de Bellevarde,Vers les Eaux,6
Montana (Village),490,Chalet,Avenue du Prariond,Les Richardes,12
Mont-Blanc,676,Hôtel,Rue des célibataires,Célibataires,12
Monument aux morts,453,Monument,Rue de l'Eglise,Vieux Village,8
Morille,162,Chalet,Route de la Balme,La Balme,5
Moris (Maison),444,Bâtiment,Montée du Bellevue,Vieux Village,8
Morraine La,361,Chalet,Accès par Pont du Joseray,Le Joseray,10
Mountain Hardwear,303,Commerce,Val Village,Val Village,8
Mourra,348,Chalet,Rue des Leissières,Le Rogoney,8
Mourra La,653,Chalet/Hotel/Restaurant/Bar,Avenue du Prariond,Le Rogoney,8
Mousseron,166,Chalet,Route de la Balme,La Balme,5
Moustière,103,Chalet,Chemin du Petit Alaska,Le Petit Alaska,5
Mowgli,90,Chalet,Route de la Balme,Le Petit Alaska,5
Muscat,421,Chalet,Rue de la Legettaz,La Legettaz,11
Musée,236,Bâtiment,Rue de la Face,Vers les Eaux,6
Nanou,37,Chalet,D902,La Daille,2
Nanouk,91,Chalet,Route de la Balme,Le Petit Alaska,5
Napapijri,196,Commerce,Rue du Parc des Sports,Le Coin,7
Narcisse,461,Chalet,Rue Nicolas Bazile,Vieux Village,8
Neige,17,Chalet,Rue des Etroits,La Daille,2
Neige,311,Chalet,Impasse des Gentianes,L'Illetaz,8
Neige et Glace,327,Résidence,Rue de l'Eglise,Le Front de Neige,8
Neil Son,32,Chalet,Rue de la Daille,La Daille,2
Neptune V9,306,Résidence,Val Village,Val Village,8
Nevacho,545,Chalet,Rue du Fornet,Le Fornet,15
Névé,353,Chalet,Rue de la Face,Chantel,9
Next Bar,144,Bar,Avenue Olympique,L'Illaz,4
Nid des Hirondelles,549,Chalet,Rue du Fornet,Le Fornet,15
Niverole Le,334,Résidence,Rue des Leissières,Le Front de Neige,8
Notaire,63,Bâtiment,Avenue Olympique,Le Crêt,3
Nothface The,275,Commerce,Avenue Olympique,Les Lèches,7
Nothface The,300,Commerce,Val Village,Val Village,8
L'Ours Blanc,538,Chalet,Rue du Fornet,Le Fornet,15
Ô Rendez-Vous,306,Crêperie,Place des Dolomites,Val Village,8
Oakley by Precision Ski,303,Commerce,Val Village,Val Village,8
Oasis L',528,Chalet,Rue du Fornet,Le Fornet,15
Odalys,171,Résidence,Route de la Balme,La Balme,5
Odalys,339,Résidence,Chemin du Rogoney,Le Rogoney,8
Odlo,297,Commerce,Val Village,Val Village,8
Office du Tourisme,283,Bâtiment,Place Moufflier,Le Thovex,7
Ogier Sport,292,Commerce,Avenue du Prariond,Le Thovex,7
ONF,149,Bâtiment,Avenue Olympique,L'Illaz,4
Onyx,224,Chalet,Montée de Bellevarde,Vers les Eaux,6
Opal,226,Chalet,Montée de Bellevarde,Vers les Eaux,6
Orage,284,Commerce,Place Moufflier,Le Thovex,7
Orca,669,Chalet,Chemin de la Bayettaz,Le Fornet,15
Oréades,164,Résidence,Avenue Olympique,La Balme,5
Orée des Pistes L',433,Chalet,Rue du Cachay,Rond-Point des Pistes,9
Orée L',164,Résidence,Route de la Balme,La Balme,5
Orient L',312,Chalet,Impasse des Gentianes,L'Illetaz,8
Ormelune,374,Chalet,Accès par Rue du Joseray,Châtelard,11
Ormelune,517,Chalet,Rue du Laisinant,La Laisinant,13
Ormelune L',266,Hôtel ',Rue Noël Machet,Les Lèches,7
Orso,566,Chalet,Accès par chemin de la Bayettaz,Le Fornet,15
Oscar,376,Chalet,Accès par Rue du Joseray,Châtelard,11
Ostéopathe,63,Centre Médical,Avenue Olympique,Le Crêt,3
Ostéopathe,147,Médecin,Avenue Olympique,L'Illaz,4
Otarie,99,Chalet,Chemin du Petit Alaska,Le Petit Alaska,5
Ourson,133,Chalet,Accès par Avenue Olympique,L'Illaz,4
Ourson Blanc L',329,Résidence,Rue des Leissières,Le Front de Neige,8
Oxygène Ski Shop,145,Ecole de Ski,Avenue Olympique,L'Illaz,4
Pachouna,30,Chalet,Rue de la Daille,La Daille,2
Pacific Bar,290,Bar,Avenue du Prariond,Le Thovex,7
Palmyre,276,Chalet,Passage de Solaise,Les Lèches,7
Parc de la Vanoise,519,Garde,Chemin de la Vanoise,Le Laisinant,13
Parc Le,216,Hôtel,Avenue Olympique,Le Dôme,7
Parfumerie,290,Commerce,Place Moufflier,Le Thovex,7
Parking de la Face de Bellevarde P1,238,Parking,Rue de la Face,Vers les Eaux,9
Parking du Centre PO,253,Parking,Rue du Parc des Sports,Les Lèches,7
Parking Jardin Alpin,413,Parking,Rue de la Legettaz,La Legettaz,11
Parking La Daille P2,40,Parking,D902,La Daille,1
Parking Résidence Privée,287,Parking,Montée du Thovex,Le Thovex,7
Pas du Bouquetin,125,Résidence,Avenue Olympique,Le Cacholet,3
Patagonia,300,Commerce,Val Village,Val Village,8
Patinoire,260,Bâtiment,Rue des Lèches,Les Lèches,7
Paul,450,Restaurant,Rue de la Poste,Vieux Village,8
Pauline,186,Chalet,Route de la Balme,La Balme,6
Pélaou Blanc,141,Chalet,Avenue Olympique,L'Illaz,4
Pentes,17,Chalet,Rue des Etroits,La Daille,2
Perce Neige,178,Résidence,Rue du Picheru,La Balme,5
Perdrix Blanche La,216,Commerce,Avenue Olympique,Le Dôme,7
Perseval,477,Résidence,Rue des Leissières,Vieux Village,8
Petit Agra,53,Chalet,Chemin de la Ruaz,Le Crêt,3
Petit Danois Le,196,Bar,Rue du Parc des Sports,Le Coin,7
Petit Poucet Le,494,Garderie,Avenue du Prariond,Les Richardes,12
Petite Bergerie La,239,Chalet,Rue de la Calabourdanne,Parc des Sports,6
Petite Sassière,67,Chalet,Chemin du Cacholet,Le Crêt,3
Pharmacie,272,Commerce,Avenue Olympique,Les Lèches,7
Picheru,177,Résidence,Rue du Picheru,La Balme,5
Pier,450,Restaurant,Rue de la Poste,Vieux Village,8
Pierra Menta,120,Chalet,Avenue Olympique,Le Cacholet,3
Pierra Menta,70,Chalet,Chemin du Cacholet,Le Crêt,3
Pierra Menta La,68,Chalet,Chemin du Cacholet,Le Crêt,3
Pierre (Chalet de),520,Chalet,Chemin de la Vanoise,Le Laisinant,13
Pierre de Compia,46,Chalet,Chemin du Crêt,Le Crêt,3
Pierre et Vacances (Centre-Ville),138,Résidence,Accès par Avenue Olympique,L'Illaz,4
Pierre et Vacances (Daille),36,Résidence,Rue de la Daille,La Daille,1
Pignes Les,463,Résidence,Avenue du Prariond,Vieux Village,8
Pile,650,Chalet,Rue de la Face,La Calabourdanne,7
Pingouin,132,Chalet,Accès par Avenue Olympique,L'Illaz,4
Pistes,17,Chalet,Rue des étroits,La Daille,2
Pitte Sport,282,Commerce,Avenue Olympique,Le Thovex,7
Pizz'N Love,494,Pizzeria,Avenue du Prariond,Les Richardes,12
Pizza Pizza,146,Restauration,Avenue Olympique,L'Illaz,4
Planay Le,118,Résidence,Impasse du Planay,Le Cacholet,3
Planks II,297,Commerce,Val Village,Val Village,8
Plantée du Bâton Le,442,Chalet,Montée du Bellevue,Vieux Village,8
Platine,221,Chalet,Montée de Bellevarde,Vers les Eaux,6
Plein Sud Le,242,Résidence,Rue du Parc des Sports,Parc des Sports,6
Plomberie Eau Design,127,Plomberie Chauffage,Avenue Olympique,L'Illaz,4
Plomberie Montain Property Services,125,Plomberie Chauffage,Avenue Olympique,Le Cacholet,3
Pluton V10,308,Résidence,Place des Dolomites,Val Village,8
Point Break,277,Commerce,Avenue Olympique,Les Lèches,7
Poivre Blanc,299,Commerce,Val Village,Val Village,8
Police Municipale,129,Bâtiment,Avenue Olympique,L'Illaz,4
Pomme de Pin,563,Chalet,Route du Fornet,Le Fornet,15
Pompier,497,Bâtiment,Avenue du Prariond,Les Richardes,12
Portillo Le,127,Résidence,Avenue Olympique,L'Illaz,4
Poste La,307,Bâtiment,Rue de la Poste,Val Village,8
Poudreuse La,196,Commerce,Rue du Parc des Sports,Le Coin,7
Poudrière La,3,Bâtiment,Chemin du Bois de la Laye,La Daille,1
Prariond,283,Résidence,Place Moufflier,Le Thovex,7
Praz d'Aval,438,Résidence,Rue du Cachay,Rond-Point des Pistes,9
Praz de la Legettaz |,414,Résidence,Rue de la Legettaz,La Legettaz,11
Praz de la Legettaz IB,415,Résidence,Rue de la Legettaz,La Legettaz,11
Precision Ski,308,Commerce,Place des Dolomites,Val Village,8
Precision Ski,455,Commerce,Rue de l'Eglise,Vieux Village,8
Precision Ski,303,Commerce,Val Village,Val Village,8
Précision Ski,144,Commerce,Avenue Olympique,L'Illaz,4
Précision Ski,290,Commerce,Place Moufflier,Le Thovex,7
Précision Ski,196,Commerce,Rue du Parc des Sports,Le Coin,7
Première Neige,522,Chalet,Route du Laisinant,Le Laisinant,13
Presbytère,449,Bâtiment,Rue de l'Eglise,Vieux Village,8
Pro Shop,234,Commerce,Montée de Bellevarde,Vers les Eaux,6
Pro Shop killy Sport Avenue Lodge,273,Commerce,Avenue Olympique,Les Lèches,7
Pull In,290,Commerce,Avenue du Prariond,Place de l'Office,7
Pure Ski,284,Commerce,Place Moufflier,Le Thovex,7
Pure Spa,278,Spa,Avenue Olympique,Les Lèches,7
Quebra,391,Chalet,Rue de la Legettaz,La Legettaz,11
Quicksilver,215,Restauration,Avenue Olympique,Le Dôme,7
Le Ranch,386,Ensemble de Chalets,Accès par Rue du Joseray,Châtelard,11
Raton Laveur,98,Chalet,Chemin du Petit Alaska,Le Petit Alaska,5
Renevier,295,Chalet,Accès par Avenue du Prariond,Le Thovex,7
Rénov'Val,494,Rénovations,Avenue du Prariond,Les Richardes,12
Résidence Canadienne,109,Résidence,Route de la Balme,Le Petit Alaska,5
Reversade,139,Chalet,Accès Avenue Olympique,L'Illaz,4
Richardes 2B2-2B3 Les,497,Résidence,Avenue du Prariond,Les Richardes,12
Richardes A1 Les,496,Résidence,Avenue du Prariond,Les Richardes,12
Richardes B1 Les,495,Résidence,Avenue du Prariond,Les Richardes,12
Rive Gauche,544,Chalet,Rue du Fornet,Le Fornet,15
Rivolier,517,Chalet,Route du Laisinant,Le Laisinant,13
Roc Merlet,112,Chalet,Chemin du Cacholet,Le Cacholet,3
Roche des Fours,378,Chalet,Accès par Rue du Joseray,Châtelard,11
Roche La,42,Chalet,Chemin de la Ruaz,Le Crêt,3
Rocher Le,188,Chalet,Route de la Balme,La Balme,6
Roches Blanches Les,486,Résidence,Avenue du Prariond,Les Richardes,12
Rocheur La,364,Chalet,Accès par Pont du Joseray,Le Joseray,10
Rogoney,340,Résidence,Chemin du Rogoney,Le Rogoney,8
Rogoney Aliet,341,Résidence,Accès par Rue des Leissières,Le Rogoney,8
Rogoney Bleuets,343,Résidence,Rue des Célibataires,Le Rogoney,8
Roitelet,546,Chalet,Rue du Fornet,Le Fornet,15
Rond-Point des Pistes I,436,Résidence,Rue du Cachay,Rond-Point des Pistes,9
Rond-Point des Pistes II,434,Résidence,Rue du Cachay,Rond-Point des Pistes,9
Rond-Point des Pistes III,439,Résidence,Rue du Cachay,Rond-Point des Pistes,9
Rosée Blanche,14,Bar Snack,Rue des Etroits,La Daille,2
Rosière La,365,Chalet,Accès par Rue du Joseray,Le Joseray,10
Rôtisserie La,234,Restaurant,Montée de Bellevarde,Vers les Eaux,6
Roussell,435,Chalet,Rue du Cachay,Rond-Point des Pistes,9
Roxy Le,213,Commerce/Restaurant,Avenue Olympique,Le Dôme,7
Rubi,232,Chalet,Montée de Bellevarde,Vers les Eaux,6
Ruitor,251,Résidence,Rue du Parc des Sports,Les Lèches,7
Sacoval,118,Bâtiment,Impasse du Planay,Cacholet,3
Safari photo vanoise,442,Prestation,Avenue du Prariond,Vieux Village,8
Saint Barthelemy,518,Chapelle,Route du Laisinant,Laisinant,13
Saint Charles Le,201,Résidence,Rue du Parc des Sports,Le Coin,7
Saint Hubert,271,Hôtel Restaurant/Bar,Avenue Olympique,Les Lèches,7
Saint Jacques,117,Résidence,Impasse du Planay,Le Cacholet,3
Saint Jean,338,Chapelle,Front de Neige,Front de Neige,8
Saint Michel,34,Résidence,Rue de la Daille,La Daille,2
Saint Roch,475,Chalet,Rue Nicolas Bazile,Vieux Village,8
Saint Roch,451,Chapelle,Rue Nicolas Bazile,Vieux Village,8
Saint Roch (Chalet),478,Chalet,Rue Nicolas Bazile,Vieux Village,8
Sainte Agathe,168,Résidence,Route de la Balme,La Balme,5
Sainte Madeleine,529,Chapelle,Rue du Fornet,Le Fornet,15
Sakura Studio,200,Résidence,Rue du Parc des Sports,Le Coin,7
Salle du Conseil,449,Bâtiment,Rue de l'Eglise,Vieux Village,8
Salon des Fous Le,281,Crêperie/Restauration,Avenue Olympique,Le Thovex,7
Saloon Le,354,Bar,Rue du Parc des Sports,Les Lèches,7
Sambrot,547,Chalet,Rue du Fornet,Le Fornet,15
Samovar,39,Hôtel/Restaurant,D902,La Daille,1
Sana La,264,Restaurant,Rue du Cocor,Les Lèches,7
Santel,12,Résidence,Rue du Rosoleil,La Daille,1
Santons Les,532,Chalet,Rue du Fornet,Le Fornet,15
Santons Les,202,Résidence,Rue du Coin,Le Coin,7
Sanville,398,Chalet,Rue de la Legettaz,La Legettaz,11
Saphir,230,Chalet,Montée de Bellevarde,Vers les Eaux,6
Sapins Les,241,Chalet,Rue de la Calabourdanne,Parc des Sports,6
Sarire,32,Chalet,Rue de la Daille,La Daille,2
Sarire La,537,Chalet,Rue du Fornet,Le Fornet,13
Sasserier,655,Chalet,Route du Fornet,Montée du Fornet,14
Saturne V7,303,Résidence,Val Village,Val Village,8
Saulire,113,Chalet,Chemin du Cacholet,Le Cacholet,3
Savoie,417,Chalet,Rue de la Legettaz,La Legettaz,11
Savoie Le,211,Hôtel,Avenue Olympique,Le Dôme,7
Savoy (Chez),361,Chalet,Rue du Joseray,Le Joseray,10
Savoyarde La,269,Hôtel,Rue Noël Machet,Les Lèches,7
Sayon (Le),658,Chalet,Route de la Balme,Le Bosset,4
Schuss Le,323,Chalet,Rue de l'Eglise,Le Front de Neige,8
Seccotine,279,Commerce,Avenue Olympique,Le Thovex,7
Seccotine (By),281,Commerce,Avenue Olympique,Le Thovex,7
Sequoia,50,Chalet,Chemin de la Ruaz,Le Crêt,3
Service des Pistes,436,Bâtiment,Rue du Cachey,Rond-Point des Pistes,9
Services Techniques,1,Bâtiment,La Daille,La Daille,1
Sharpay,650,Chalet,Rue de la Face,La Calabourdanne,7
Sherpa,211,Commerce,Avenue Olympique,Le Dôme,7
Si mon Père Savait ...,302,Commerce,Val Village,Val Village,8
Sierra,377,Chalet,Accès par Rue du Joseray,Châtelard,11
Silènes Les,499,Résidence,Allée des Richardes,Les Richardes,12
Silvretta 1-2-5,110,Chalets,Accès par Route de la Balme,Le Petit Alaska,5
Skadi,490,Chalet,Avenue du Prariond,Les Richardes,12
Ski Gallery,211,Musée,Avenue Olympique,Le Dôme,7
Ski One,265,Commerce,Rue du Cocor,Les Lèches,7
Ski Republic,127,Commerce,Avenue Olympique,L'Illaz,4
Ski Republic,308,Commerce,Place des Dolomites,Val Village,8
Ski Republic,439,Commerce,Rue du Cachay,Rond-Point des Pistes,9
Skibeat,30,Tour Operateur,Rue de la Daille,La Daille,2
Skicase,303,Consigne à ski,Val Village,Val Village,8
Skimium,275,Commerce,Avenue Olympique,Les Lèches,7
Skimium,303,Commerce,Val Village,Val Village,8
Skimium - Pure Ski,290,Commerce,Place Moufflier,Le Thovex,7
SkiSet,282,Commerce,Avenue Olympique,Le Thovex,7
SkiSet,35,Commerce,Rue de la Daille,La Daille,1
SkiSet,138,Commerce,Avenue Olympique,L'Illaz,4
SkiSet,251,Commerce,Rue du Parc des Sports,Les Lèches,7
SkiSet,273,Commerce,Avenue Olympique,Les Lèches,7
SkiSet,284,Commerce,Place Moufflier,Le Thovex,7
SkiSet Aigle des Neige,450,Commerce,Rue de la Poste,Vieux Village,8
Ski Hire,215,Commerce,Avenue Olympique,Le Dôme,7
Slalom Le,333,Résidence,Rue des Leissières,Le Front de Neige,8
Slice,200,Restauration,Rue du Parc des Sports,Le Coin,7
Snoopy,60,Chalet,Avenue Olympique,Le Crêt,3
Snow Fun,127,Ecole de Ski,Avenue Olympique,L'Illaz,4
Snow Hawk,522,Chalet,Chemin de la Vanoise,Le Laisinant,13
Snowberry,435,Commerce,Rue du Cachay,Le Rond-Point des Pistes,9
Snowberry Streetside,215,Commerce,Avenue Olympique,Le Dôme,7
Solaires Les,351,Résidence,Avenue du Prariond,Le Rogoney,8
Solaise,275,Galerie,Avenue Olympique,Les Lèches,7
Solaise (Les Chalets de),426,Résidence,Rue de la Legettaz,La Legettaz,10
Solaise (Les Chalets de),138,Résidence,Avenue Olympique,L'Illaz,4
Solaise Le,275,Résidence,Avenue Olympique,Les Lèches,7
Solaise Plein Sud,276,Résidence,Passage de Solaise,Les Lèches,7
Soleil Levant,19,Chalet,Rue des Etroits,La Daille,2
Soleil Vacances,172,Résidence,Route de la Balme,La Balme,5
Solineou,134,Chalet,Avenue Olympique,L'Illaz,4
Solstice Le,263,Restaurant,Rue du Parc des Sports,Les Lèches,7
Sommet,68,Chalet,Chemin du Cacholet,Le Crêt,3
Sonnailles Les (épicerie),448,Commerce,Rue de la Galise,Vieux Village,8
Sorbiers Les,464,Hôtel,Avenue du Prariond,Vieux Village,8
Sources (Chalet des),218,Chalet,Montée de Bellevarde,Vers les Eaux,6
Sources Les,568,Chalet,Chemin de la Bayettaz,Le Fornet,15
Spa Avenue Lodge,273,Spa,Avenue Olympique,Les Lèches,7
Spa Deep Nature,450,Spa,Rue de la Poste,Vieux Village,8
Spa des Barmes de l'Ours,234,Spa,Montée de Bellevarde,Vers les Eaux,6
Spa du Blizzard,277,Spa,Avenue Olympique,Les Lèches,7
Spa Nuxe - Le Yule,263,Spa,Rue du Parc des Sports,Les Lèches,7
Spar,75,Commerce,Avenue Olympique,Le Clos,3
Spar,251,Commerce,Rue du Parc des Sports,Les Lèches,7
Spar Les Hameaux de Val,494,Commerce,Avenue du Prariond,Les Richardes,12
Splendide Le,236,Cinéma,Rue de la Face,Vers les Eaux,6
Sport 2000,494,Commerce,Avenue du Prariond,Les Richardes,12
Sport 2000 Boraso,264,Commerce,Rue du Cocor,Les Lèches,7
Sport 2000 Eskiador,127,Commerce,Avenue Olympique,L'Illaz,4
Sport 2000-Iseran Sport,143,Commerce,Accès par Avenue Olympique,L'Illaz,4
Sporthouse,275,Commerce,Avenue Olympique,Les Lèches,7
Squaw Valley I,457,Résidence,Rue de l'Eglise,Vieux Village,8
Squaw Valley II,456,Résidence,Rue de l'Eglise,Vieux Village,8
Stages Mattis,263,Ecole de Ski,Rue du Cocor,Les Lèches,7
Station-Service,75,Essence,Avenue Olympique,Le Clos,3
Stéphanie Pétri artiste peintre,214,Commerce,Accès par Avenue Olympique,Le Dôme,7
Stidia,458,Chalet,Rue Nicolas Bazile,Vieux Village,8
STVI,431,Gare Centrale,Rue du Cachay,Rond-Point des Pistes,9
STVI,430,Garage/Magasin,Rue du Cachay,Rond-Point des Pistes,9
STVI,429,Local,Rue de la Legettaz,La Legettaz,10
Suites des Cinq Frères (Les),667,Chalet,Avenue du Prariond,Vieux Village,8
Sun Bar,245,Restaurant,Esplanade,Parc des Sports,6
Sur la Montagne / La source,216,Restaurant,Avenue Olympique,Le Dôme,7
Sur le Toit,284,Restaurant,Place Moufflier,Le Tho vex,7
Surefoot,217,Commerce,Avenue Olympique,Le Dôme,7
Sushi Party,144,Restauration,Avenue Olympique,L'Illaz,4
Sweet Home,217,Bâtiment,Avenue Olympique,Le Dôme,7
Sweet Ski,282,Commerce,Avenue Olympique,Le Thovex,7
Sylvie,348,Chalet,Rue des Leissières,Le Rogoney,8
Tabac,272,Tabac,Avenue Olympique,Les Lèches,7
Tabac Presse,6,Magasin,Place de Rosoleil,la Daille,1
Table à Pierrade La,450,Restaurant,Rue de la Poste,Vieux Village,8
Table d'Yvonne La,445,Restaurant,Montée du Bellevue,Vieux Village,8
Table de l'Ours La,234,Restaurant,Montée de Bellevarde,Vers les Eaux,6
Table des Neige La,278,Restaurant,Avenue Olympique,Les Lèches,7
Table La,59,Chalet,Avenue Olympique,Le Crêt,3
Tango,379,Chalet,Accès par Rue du Joseray,Châtelard,11
Tapia,468,Chalet,Rue Nicolas Bazile,Vieux Village,8
Tarentaise La,195,Hôtel,Rue du Parc des Sports,Le Coin,7
Tartine La,306,Restauration,Place des Dolomites,Val Village,8
Tasna,110,Chalet,Accès par Route de la Balme,Le Petit Alaska,5
Taverne d'Alsace La,213,Restaurant,Avenue Olympique,Le Dôme,7
Tchi Frederic,547,Chalet,Rue du Fornet,Le Fornet,15
TDC The Development Centre,435,Ecole de Ski,Rue du Cachay,Le Rond-Point des Pistes,9
Télécabine Olympique,246,Remontée,Esplanade,Vers les Eaux,6
Telemark,281,Résidence,Avenue Olympique,Le Thovex,7
Téléphérique du Fornet,553,Remontée,Route du Fornet,Le Fornet,15
Télésiège Bellevarde Express,244,Remontée,Esplanade,Parc des Sports,6
Télésiège des étroits,22,Remontée,Rue des étroits,La Daille,2
Télésiège du Laisinant Express,525,Remontée,Route du Laisinant,Le Laisinant,13
Télésiège le Rogoney,250,Remontée,Esplanade,Parc des Sports,6
Télésiège Solaise Express,249,Remontée,Esplanade,Parc des Sports,6
Télésiège Village,247,Remontée,Esplanade,Parc des Sports,6
Téléski des Lanches,26,Remontée,Accès par Rue des étroits,La Daille,2
Téléski La Savonnette,326,Remontée,Front de Neige,Front de Neige,8
Têne La,424,Chalet,Rue de la Legettaz,La Legettaz,10
Terrain Parc des Sports,248,Terrain,Esplanade,Parc des Sports,6
Terrasses du Christiania Les,255,Résidence,Rue du Parc des Sports,Les Lèches,7
Terre V3,302,Résidence,Val Village,Val Village,8
Tétra hors piste/Tétra pink,282,Ecole de Ski,Avenue Olympique,Le Thovex,7
Tétra Le,209,Chalet,Rue du Coin,Le Coin,7
Thérapéos,285,Institut,Place Moufflier,Le Thovex,7
Thomily,408,Chalet,Rue de la Legettaz,La Legettaz,11
Thovex (Chalet du),291,Chalet,Accès par Avenue du Prariond,Le Thovex,7
Thovex A1,285,Résidence,Montée du Thovex,Le Thovex,7
Thovex A2,286,Résidence,Montée du Thovex,Le Thovex,7
Tocade La,144,Restauration,Avenue Olympique,L'illaz,4
Toit du Monde,20,Chalet,Rue des Etroits,La Daille,2
Tolima,58,Chalet,Avenue Olympique,Le Crêt,3
Top Ski,282,Ecole de Ski,Avenue Olympique,Le Thovex,7
Top Vision,281,Commerce,Avenue Olympique,Le Thovex,7
Topaze,223,Chalet,Montée de Bellevarde,Vers les Eaux,6
Toutounier,83,Chalet,Route de la Balme,Le Bosset,4
Tovière La,29,Hôtel Restaurant,D902,La Daille,2
Tremplin,63,Résidence,Impasse du Planay,Le Crêt,3
Trolles Les,294,Résidence,Accès par Avenue du Prariond,Le Thovex,7
Tsanteleina Le,278,Hôtel,Avenue Olympique,Les Lèches,7
Tufs Les,23,Restaurant,Rue des Etroits,La Daille,2
Tunnel des Téléphériques,305,Tunnel,Rd Point de l'office/Rue du Cachay,Val Village,8
Turbil,654,Chalet,Route du Fornet,Montée du Fornet,14
Turia,534,Chalet,Chemin des Prés,Le Fornet,15
Turios Les,427,Résidence,Rue de la Legettaz,La Legettaz,10
Tutel,362,Fromagerie,Rue du Joseray,Le Joseray,10
Tutelière La,359,Chalet,Rue du Joseray,Le Joseray,10
Twinner,284,Commerce,Place Moufflier,Le Thovex,7
UCPA Makalu 1,471,Résidence,Rue des Leissières,Vieux Village,8
UCPA Makalu 2,470,Résidence,Rue des Leissières,Vieux Village,8
Underground,279,Bar,Avenue Olympique,Le Thovex,7
Unplugged,284,Commerce,Place Moufflier,Le Thovex,7
Uranus V6,298,Résidence,Rue de la Poste,Val Village,8
Val,344,Résidence,Rue des Célibataires,Le Rogoney,8
Val Agence,7,Agence Immobilière,Place du Rosoleil,La Daille,1
Val Agence,280,Agence Immobilière,Avenue Olympique,Le Thovex,7
Val Baby,252,Commerce,Rue du Parc des Sports,Les Lèches,7
Val Blanc Le,487,Résidence,Avenue du Prariond,Les Richardes,12
Val Cœur,469,Résidence,Rue Nicolas Bazile,Vieux Village,8
Val d'Illaz,128,Résidence,Avenue Olympique,L'Illaz,4
Val d'Isère,284,Hôtel,Place Moufflier,Le Thovex,7
Val d'Isère Auto Service,27,Garage,D902,La Daille,2
Val Fleur,251,Fleuriste,Rue du Parc des Sports,Les Lèches,7
Val Jolia,93,Résidence,Chemin du Petit Alaska,Le Petit Alaska,5
Val La Mourra,348,Chalet,Rue des Leissières,Le Rogoney,8
Val Net,348,Commerce,Rue des Leissières,Le Rogoney,8
Val Optic,297,Commerce,Val Village,Val Village,8
Val Pierre,136,Chalet,Avenue Olympique,L'Illaz,4
Val Pizza,127,Pizzeria,Avenue Olympique,L'Illaz,4
Val Ski Shop,7,Commerce,Place du Rosoleil,La Daille,1
Val Snow,147,Résidence,Avenue Olympique,L'Illaz,4
Val Store,290,Résidence,Avenue Prariond,Le Thovex,7
Valbel,8,Résidence,Rue du Rosoleil,La Daille,1
Valdident,63,Cabinet Dentiste,Avenue Olympique,Le Crêt,3
Vallat Immobilier,290,Agence Immobilière,Place Moufflier,Le Thovex,7
Vallonnets Les,535,Chalet,Rue du Fornet,Le Fornet,15
Vanoise B/C,9,Résidence,Rue du Rosoleil,La Daille,1
Venus V2,301,Résidence,Val Village,Val Village,8
Veolia,73,Bâtiment,Route de la Balme,Le Clos,3
Veolia,423,Local,Rue de la Legettaz,La Legettaz,10
Verdaches Les,536,Chalet,Rue du Fornet,Le Fornet,15
Verdets 1 Les,180,Résidence,Rue du Picheru,La Balme,5
Verdets 2 Les,179,Résidence,Rue du Picheru,La Balme,5
Verre à Pied Le,282,Commerce,Avenue Olympique,Le Thovex,7
Verre à Pied Le,282,Caviste,Avenue Olympique,Le Thovex,7
Victor,381,Chalet,Accès par Rue du Joseray,Châtelard,11
Victor's,251,Bar,Rue du Parc des Sports,Les Lèches,7
Victoria,135,Chalet,Accès par Avenue Olympique,L'Illaz,4
Victoria Lodge,493,Hôtel,Avenue du Prariond,Les Richardes,12
Victorine,44,Chalet,Chemin de la Ruaz,Le Crêt,3
Vie Val d'ls,236,Association,Rue de la Face,Vers les Eaux,6
Vieille Maison,33,Restaurant,Rue de la Daille,La Daille,2
Vieille Maison de l'Illaz,137,Chalet,Accès par Avenue Olympique,L'Illaz,4
Vieux Clos (Ferme du),484,Chalet,Rue des Leissières,Vieux Village,8
Vieux Crêt Le,42,Chalet,Chemin de la Ruaz,Le Crêt,3
Vieux Pont,544,Chalet,Rue du Fornet,Le Fornet,15
Vieux Val,473,Chalet,Rue Nicolas Bazile,Vieux Village,8
Vieux Village,465,Résidence,Avenue du Prariond,Vieux Village,8
Village des Enfants,440,Bâtiment,Rue du Cachay,Rond-Point des Pistes,9
Village Montana,490,Chalet,Avenue du Prariond,Les Richardes,12
Villaret D/E,10,Résidence,Rue du Rosoleil,La Daille,1
White Pearl ,62,Chalet,Avenue Olympique,Le Crêt,3
XV Le,145,Bar,Avenue Olympique,L'Illaz,4
Yankee,385,Chalet,Accès par Rue du Joseray,Châtelard,11
Yeti,222,Chalet,Montée de Bellevarde,Vers les Eaux,6
Yule Le,263,Hôtel/Bar/Spa,Rue du Parc des Sports,Les Lèches,7
Yule Le,263,Commerce,Rue du Parc des Sports,Les Lèches,7
Zone camping car (Eté),663,Parking,Avenue Olympique,Le Crêt,3
